Experiment,TP,TN,FP,FN,Accuracy,Precision_pos,Recall_pos,F1_pos,AUC,tau_used,beta0
Z1,60,240,0,0,1.0,1.0,1.0,1.0,1.0,0.5,-4.727626999463078
Z2 std,14,285,0,1,0.9966666666666667,1.0,0.9333333333333333,0.9655172413793104,0.99953216374269,0.5,-5.705514295314576
Z2 balanced,15,282,3,0,0.99,0.8333333333333334,1.0,0.9090909090909091,0.999298245614035,0.5,-4.984382815149656
Z2 thr-opt,15,283,2,0,0.9933333333333333,0.8823529411764706,1.0,0.9375,0.99953216374269,0.12,-5.705514295314576
