feature,beta_task1,beta_task2_std,beta_task2_balanced
packets_per_sec,1.0802943422255478,0.38429895695447863,0.4513120703201471
avg_packet_size_bytes,-0.6983290526114978,-0.8387084217697284,-1.0422191364029625
port_entropy,0.8018278653970308,0.8508639062248172,0.9226140210275487
syn_ratio,1.1276052573013542,0.32204183461373537,0.6138243813159766
unique_dst_ips,1.1028935203330539,2.581422036406834,3.5208569155719713
connection_duration_sec,-0.33473674342966564,0.3472219798922483,0.520110877149246
repeated_connections,0.9133085468546567,1.9521965296473551,2.5315744808205425
